timestamp,pitch
02-02-2026 22:56,0
02-02-2026 22:56,-0.24
02-02-2026 22:56,-0.65
02-02-2026 22:56,-1.03
02-02-2026 22:56,-1.14
02-02-2026 22:56,-0.99
02-02-2026 22:56,-0.92
02-02-2026 22:56,-0.66
02-02-2026 22:56,-0.89
02-02-2026 22:56,-0.56
02-02-2026 22:56,-0.07
02-02-2026 22:56,0.06
02-02-2026 22:56,-0.34
02-02-2026 22:56,-0.76
02-02-2026 22:56,-0.55
02-02-2026 22:56,1.23
02-02-2026 22:56,4.69
02-02-2026 22:56,6.36
02-02-2026 22:56,6.05
02-02-2026 22:56,3.66
02-02-2026 22:56,1.84
02-02-2026 22:56,0.57
02-02-2026 22:56,-1.77
02-02-2026 22:56,-1.81
02-02-2026 22:56,-0.17
02-02-2026 22:56,-1.31
02-02-2026 22:56,-2.4
02-02-2026 22:56,-2.91
02-02-2026 22:56,-2.93
02-02-2026 22:56,-2.2
02-02-2026 22:56,-2.22
02-02-2026 22:56,-1.42
02-02-2026 22:56,-0.05
02-02-2026 22:56,-0.83
02-02-2026 22:56,-4.05
02-02-2026 22:56,-7
02-02-2026 22:56,-7.42
02-02-2026 22:56,-8.42
02-02-2026 22:56,-11.33
02-02-2026 22:56,-12.39
02-02-2026 22:56,-9.87
02-02-2026 22:56,-5.99
02-02-2026 22:56,-2.89
02-02-2026 22:56,-1.2
02-02-2026 22:56,0.94
02-02-2026 22:56,4.25
02-02-2026 22:56,6.82
02-02-2026 22:56,5.98
02-02-2026 22:56,5.19
02-02-2026 22:56,3.89
02-02-2026 22:56,1.52
02-02-2026 22:56,-0.34
02-02-2026 22:56,-2.35
02-02-2026 22:56,-2.8
02-02-2026 22:56,-3.25
02-02-2026 22:56,-2.54
02-02-2026 22:56,-1.12
02-02-2026 22:56,-0.92
02-02-2026 22:56,-0.33
02-02-2026 22:56,0.59
02-02-2026 22:56,1.13
02-02-2026 22:56,1.49
02-02-2026 22:56,2.2
02-02-2026 22:56,1.92
02-02-2026 22:56,1.58
02-02-2026 22:56,1.6
02-02-2026 22:56,1.1
02-02-2026 22:56,-0.46
02-02-2026 22:56,0.12
02-02-2026 22:56,0.04
02-02-2026 22:56,0.14
02-02-2026 22:56,0.91
02-02-2026 22:56,0.78
02-02-2026 22:56,0.66
02-02-2026 22:56,-0.08
02-02-2026 22:56,-1.24
02-02-2026 22:56,-1.92
02-02-2026 22:56,-2.12
02-02-2026 22:56,-1.2
02-02-2026 22:56,-0.05
02-02-2026 22:56,-0.09
02-02-2026 22:56,-0.75
02-02-2026 22:56,-1.02
02-02-2026 22:56,-0.46
02-02-2026 22:56,-0.92
02-02-2026 22:56,-0.93
02-02-2026 22:56,-0.1
02-02-2026 22:56,0.9
02-02-2026 22:56,1.18
02-02-2026 22:56,1.43
02-02-2026 22:56,1.65
02-02-2026 22:56,1.64
02-02-2026 22:56,1.05
02-02-2026 22:56,0.53
02-02-2026 22:56,0.29
02-02-2026 22:56,0.66
02-02-2026 22:56,0.37
02-02-2026 22:56,-0.9
02-02-2026 22:56,-1.4
02-02-2026 22:56,-0.35
02-02-2026 22:56,1.15
02-02-2026 22:56,2.04
02-02-2026 22:56,0.77
02-02-2026 22:56,1.81
02-02-2026 22:56,2.39
02-02-2026 22:56,3.22
02-02-2026 22:56,3.32
02-02-2026 22:56,2.82
02-02-2026 22:56,2.36
02-02-2026 22:56,2.23
02-02-2026 22:56,2.08
02-02-2026 22:56,1.36
02-02-2026 22:56,0.84
02-02-2026 22:56,0.96
02-02-2026 22:56,1.41
02-02-2026 22:56,1.3
02-02-2026 22:56,0.1
02-02-2026 22:56,-0.48
02-02-2026 22:56,-0.29
02-02-2026 22:56,0.18
02-02-2026 22:56,0.58
02-02-2026 22:56,-0.2
02-02-2026 22:56,-0.66
02-02-2026 22:56,-1.41
02-02-2026 22:56,-2.25
02-02-2026 22:56,-2.81
02-02-2026 22:56,-2.47
02-02-2026 22:56,-2.7
02-02-2026 22:56,-3.41
02-02-2026 22:56,-4.43
02-02-2026 22:56,-4.78
02-02-2026 22:56,-4.86
02-02-2026 22:56,-4.4
02-02-2026 22:56,-3.69
02-02-2026 22:56,-3.17
02-02-2026 22:56,-3.16
02-02-2026 22:56,-2.24
02-02-2026 22:56,-1.43
02-02-2026 22:56,-1.17
02-02-2026 22:56,-0.49
02-02-2026 22:56,0.4
02-02-2026 22:56,1.29
02-02-2026 22:56,1.74
02-02-2026 22:56,0.35
02-02-2026 22:56,-0.3
02-02-2026 22:56,0.19
02-02-2026 22:56,2.94
02-02-2026 22:56,9.51
02-02-2026 22:56,13.48
02-02-2026 22:56,11.9
02-02-2026 22:56,7.5
02-02-2026 22:56,3.58
02-02-2026 22:56,-0.16
02-02-2026 22:56,-4.12
02-02-2026 22:56,-7.25
02-02-2026 22:56,-9.43
02-02-2026 22:56,-10.91
02-02-2026 22:56,-11.88
02-02-2026 22:56,-11.59
02-02-2026 22:56,-10.84
02-02-2026 22:56,-9.27
02-02-2026 22:56,-7.76
02-02-2026 22:56,-5.69
02-02-2026 22:56,-7.08
02-02-2026 22:56,-8.69
02-02-2026 22:56,-7.81
02-02-2026 22:56,-8.07
02-02-2026 22:56,-9.29
02-02-2026 22:56,-9.57
02-02-2026 22:56,-10
02-02-2026 22:56,-10.23
02-02-2026 22:56,-9.86
02-02-2026 22:56,-11.15
02-02-2026 22:56,-12.18
02-02-2026 22:56,-11.12
02-02-2026 22:56,-10.51
02-02-2026 22:56,-8.97
02-02-2026 22:56,-7.47
02-02-2026 22:56,-8.74
02-02-2026 22:56,-9.57
02-02-2026 22:56,-8.9
02-02-2026 22:56,-9.54
02-02-2026 22:56,-8
02-02-2026 22:56,-7.51
02-02-2026 22:56,-9.7
02-02-2026 22:56,-9.69
02-02-2026 22:56,-9.47
02-02-2026 22:56,-8.62
02-02-2026 22:56,-7.07
02-02-2026 22:56,-6.72
02-02-2026 22:56,-6.47
02-02-2026 22:56,-7.17
02-02-2026 22:56,-7.75
02-02-2026 22:56,-8.92
02-02-2026 22:56,-8.47
02-02-2026 22:56,-7.83
02-02-2026 22:56,-6.52
02-02-2026 22:56,-4.71
02-02-2026 22:56,-3.7
02-02-2026 22:56,-4.44
02-02-2026 22:56,-3.88
02-02-2026 22:56,-4.81
02-02-2026 22:56,-4.46
02-02-2026 22:56,-3.93
02-02-2026 22:56,-3.84
02-02-2026 22:56,-4.18
02-02-2026 22:56,-6.2
02-02-2026 22:56,-6.58
02-02-2026 22:56,-6.75
02-02-2026 22:56,-7.28
02-02-2026 22:56,-8.16
02-02-2026 22:56,-8.86
02-02-2026 22:56,-9.14
02-02-2026 22:56,-8.81
02-02-2026 22:56,-8.29
02-02-2026 22:56,-7.25
02-02-2026 22:56,-6.3
02-02-2026 22:56,-5.1
02-02-2026 22:56,-3.85
02-02-2026 22:56,-2.73
02-02-2026 22:56,-4.22
02-02-2026 22:56,-4.3
02-02-2026 22:56,-4.39
02-02-2026 22:56,-3.88
02-02-2026 22:56,-3.82
02-02-2026 22:56,-3.75
02-02-2026 22:56,-3.51
02-02-2026 22:56,-3.8
02-02-2026 22:56,-3.92
02-02-2026 22:56,-3.71
02-02-2026 22:56,-4.69
02-02-2026 22:56,-3.54
02-02-2026 22:56,-2.6
02-02-2026 22:56,-3.74
02-02-2026 22:56,-3.96
02-02-2026 22:56,-3.86
02-02-2026 22:56,-4.88
02-02-2026 22:56,-5.56
02-02-2026 22:56,-5.12
02-02-2026 22:56,-4.67
02-02-2026 22:56,-3.67
02-02-2026 22:57,-3.4
02-02-2026 22:57,-4.21
02-02-2026 22:57,-3.88
02-02-2026 22:57,-4.65
02-02-2026 22:57,-6.28
02-02-2026 22:57,-4.52
02-02-2026 22:57,-1.98
02-02-2026 22:57,1.35
02-02-2026 22:57,2.83
02-02-2026 22:57,-0.21
02-02-2026 22:57,-6.6
02-02-2026 22:57,-8.05
02-02-2026 22:57,-9.2
02-02-2026 22:57,-10.96
02-02-2026 22:57,-11.13
02-02-2026 22:57,-10.97
02-02-2026 22:57,-9.86
02-02-2026 22:57,-8.58
02-02-2026 22:57,-9.58
02-02-2026 22:57,-9.83
02-02-2026 22:57,-8.82
02-02-2026 22:57,-8.43
02-02-2026 22:57,-6.3
02-02-2026 22:57,-4.9
02-02-2026 22:57,-5.01
02-02-2026 22:57,-2.38
02-02-2026 22:57,0.99
02-02-2026 22:57,2.32
02-02-2026 22:57,3.34
02-02-2026 22:57,2.08
02-02-2026 22:57,-0.13
02-02-2026 22:57,-0.83
02-02-2026 22:57,-1.36
02-02-2026 22:57,-3.77
02-02-2026 22:57,-4.82
02-02-2026 22:57,-5.89
02-02-2026 22:57,-7.26
02-02-2026 22:57,-7.09
02-02-2026 22:57,-7.56
02-02-2026 22:57,-5.54
02-02-2026 22:57,-5.74
02-02-2026 22:57,-5.55
02-02-2026 22:57,-5.56
02-02-2026 22:57,-3.87
02-02-2026 22:57,-3.34
02-02-2026 22:57,-2.28
02-02-2026 22:57,-1.99
02-02-2026 22:57,-1.99
02-02-2026 22:57,-1.86
02-02-2026 22:57,-2.64
02-02-2026 22:57,-3.93
02-02-2026 22:57,-3.84
02-02-2026 22:57,-3.25
02-02-2026 22:57,-3.61
02-02-2026 22:57,-5.34
02-02-2026 22:57,-7.83
02-02-2026 22:57,-9.71
02-02-2026 22:57,-10.96
02-02-2026 22:57,-11.38
02-02-2026 22:57,-11.33
02-02-2026 22:57,-10.59
02-02-2026 22:57,-10.59
02-02-2026 22:57,-9.03
02-02-2026 22:57,-7.62
02-02-2026 22:57,-6.74
02-02-2026 22:57,-5.07
02-02-2026 22:57,-3.98
02-02-2026 22:57,-4.59
02-02-2026 22:57,-4.62
02-02-2026 22:57,-5.98
02-02-2026 22:57,-6.4
02-02-2026 22:57,-4.8
02-02-2026 22:57,-5.35
02-02-2026 22:57,-5.09
02-02-2026 22:57,-4.45
02-02-2026 22:57,-4.33
02-02-2026 22:57,-3.18
02-02-2026 22:57,-2.43
02-02-2026 22:57,-3.92
02-02-2026 22:57,-4.91
02-02-2026 22:57,-5.49
02-02-2026 22:57,-4.83
02-02-2026 22:57,-5.17
02-02-2026 22:57,-5.67
02-02-2026 22:57,-4.52
02-02-2026 22:57,-4.94
02-02-2026 22:57,-3.73
02-02-2026 22:57,-3.07
02-02-2026 22:57,-3.55
02-02-2026 22:57,-4.55
02-02-2026 22:57,-2.15
02-02-2026 22:57,0.97
02-02-2026 22:57,2.85
02-02-2026 22:57,3.62
02-02-2026 22:57,7.42
02-02-2026 22:57,10.41
02-02-2026 22:57,13.63
02-02-2026 22:57,16.16
02-02-2026 22:57,10.05
02-02-2026 22:57,5.59
02-02-2026 22:57,0.92
02-02-2026 22:57,-4.79
02-02-2026 22:57,-8.94
02-02-2026 22:57,-10.13
02-02-2026 22:57,-10.48
02-02-2026 22:57,-10.62
02-02-2026 22:57,-9.8
02-02-2026 22:57,-7.88
02-02-2026 22:57,-5.7
02-02-2026 22:57,-4.22
02-02-2026 22:57,-3.4
02-02-2026 22:57,-2.46
02-02-2026 22:57,-2.34
02-02-2026 22:57,-2.4
02-02-2026 22:57,-3.26
02-02-2026 22:57,-3.91
02-02-2026 22:57,-5.75
02-02-2026 22:57,-7.1
02-02-2026 22:57,-6.8
02-02-2026 22:57,-5.93
02-02-2026 22:57,-4.15
02-02-2026 22:57,-3.24
02-02-2026 22:57,-3.25
02-02-2026 22:57,-3.33
02-02-2026 22:57,-3.7
02-02-2026 22:57,-3.14
02-02-2026 22:57,-0.23
02-02-2026 22:57,1.44
02-02-2026 22:57,4.12
02-02-2026 22:57,2.7
02-02-2026 22:57,1.13
02-02-2026 22:57,0.04
02-02-2026 22:57,-0.92
02-02-2026 22:57,-0.82
02-02-2026 22:57,-2.1
02-02-2026 22:57,-2.37
02-02-2026 22:57,-2.37
02-02-2026 22:57,-2.2
02-02-2026 22:57,-0.54
02-02-2026 22:57,0.76
02-02-2026 22:57,0.52
02-02-2026 22:57,0.53
02-02-2026 22:57,0.42
02-02-2026 22:57,0.74
02-02-2026 22:57,1.85
02-02-2026 22:57,2.88
02-02-2026 22:57,2.82
02-02-2026 22:57,3.76
02-02-2026 22:57,2.93
02-02-2026 22:57,0.8
02-02-2026 22:57,0.42
02-02-2026 22:57,-0.24
02-02-2026 22:57,-1.12
02-02-2026 22:57,-0.47
02-02-2026 22:57,0.09
02-02-2026 22:57,0.72
02-02-2026 22:57,1.25
02-02-2026 22:57,1.96
02-02-2026 22:57,1.11
02-02-2026 22:57,1.39
02-02-2026 22:57,1.5
02-02-2026 22:57,1.89
02-02-2026 22:57,2.09
02-02-2026 22:57,1.97
02-02-2026 22:57,2.1
02-02-2026 22:57,2.3
02-02-2026 22:57,2.16
02-02-2026 22:57,2.52
02-02-2026 22:57,3.02
02-02-2026 22:57,2.46
02-02-2026 22:57,2.16
02-02-2026 22:57,1.63
02-02-2026 22:57,0.59
02-02-2026 22:57,1.11
02-02-2026 22:57,2.24
02-02-2026 22:57,3.24
02-02-2026 22:57,3.77
02-02-2026 22:57,3.23
02-02-2026 22:57,2.68
02-02-2026 22:57,2.36
02-02-2026 22:57,2.35
02-02-2026 22:57,1.92
02-02-2026 22:57,1.6
02-02-2026 22:57,1.21
02-02-2026 22:57,1.75
02-02-2026 22:57,2.69
02-02-2026 22:57,2.35
02-02-2026 22:57,2.19
02-02-2026 22:57,2.65
02-02-2026 22:57,2.79
02-02-2026 22:57,2.76
02-02-2026 22:57,3.17
02-02-2026 22:57,3.18
02-02-2026 22:57,1.96
02-02-2026 22:57,1.45
02-02-2026 22:57,0.37
02-02-2026 22:57,0.98
02-02-2026 22:57,0.77
02-02-2026 22:57,0.53
02-02-2026 22:57,0.67
02-02-2026 22:57,1.33
02-02-2026 22:57,1.26
02-02-2026 22:57,0.99
02-02-2026 22:57,0.91
02-02-2026 22:57,-0.73
02-02-2026 22:57,0.78
02-02-2026 22:57,2.24
02-02-2026 22:57,2.92
02-02-2026 22:57,2.93
02-02-2026 22:57,1.58
02-02-2026 22:57,1.04
02-02-2026 22:57,0.54
02-02-2026 22:57,1.36
02-02-2026 22:57,1.9
02-02-2026 22:57,2.19
02-02-2026 22:57,1.74
02-02-2026 22:57,1.69
02-02-2026 22:57,1.42
02-02-2026 22:57,1.13
02-02-2026 22:57,1.49
02-02-2026 22:57,1.57
02-02-2026 22:57,1.9
02-02-2026 22:57,1.53
02-02-2026 22:57,1.49
02-02-2026 22:57,1.49
02-02-2026 22:57,1.48
02-02-2026 22:57,0.73
02-02-2026 22:57,0.72
02-02-2026 22:57,0.29
02-02-2026 22:57,-0.05
02-02-2026 22:57,-0.25
02-02-2026 22:57,-0.44
02-02-2026 22:57,-0.36
02-02-2026 22:57,-0.29
02-02-2026 22:57,-0.14
02-02-2026 22:57,-0.4
02-02-2026 22:57,0.3
02-02-2026 22:57,1.06
02-02-2026 22:57,0.93
02-02-2026 22:57,0.4
02-02-2026 22:57,-0.63
02-02-2026 22:57,-0.82
02-02-2026 22:57,0.47
02-02-2026 22:57,1.03
02-02-2026 22:57,0.5
02-02-2026 22:57,-0.57
02-02-2026 22:57,-0.16
02-02-2026 22:57,1.13
02-02-2026 22:57,1.1
02-02-2026 22:57,0.47
02-02-2026 22:57,0.92
02-02-2026 22:57,2.1
02-02-2026 22:57,3.61
02-02-2026 22:57,2.7
02-02-2026 22:57,0.44
02-02-2026 22:57,2.87
02-02-2026 22:57,3.26
02-02-2026 22:57,5.24
02-02-2026 22:57,6.7
02-02-2026 22:57,4.95
02-02-2026 22:57,0.89
02-02-2026 22:57,-1.88
02-02-2026 22:57,-3.85
02-02-2026 22:57,-5.86
02-02-2026 22:57,-6.11
02-02-2026 22:57,-6.63
02-02-2026 22:57,-8.15
02-02-2026 22:57,-8.98
02-02-2026 22:57,-9.74
02-02-2026 22:57,-10.11
02-02-2026 22:57,-9.04
02-02-2026 22:57,-8.46
02-02-2026 22:57,-7.7
02-02-2026 22:58,-7.27
02-02-2026 22:58,-7.31
02-02-2026 22:58,-7.62
02-02-2026 22:58,-7.26
02-02-2026 22:58,-6.19
02-02-2026 22:58,-6.98
02-02-2026 22:58,-7.27
02-02-2026 22:58,-7.45
02-02-2026 22:58,-7.57
02-02-2026 22:58,-7.57
02-02-2026 22:58,-7.3
02-02-2026 22:58,-7.71
02-02-2026 22:58,-8.25
02-02-2026 22:58,-8.35
02-02-2026 22:58,-7.17
02-02-2026 22:58,-5.61
02-02-2026 22:58,-5.15
02-02-2026 22:58,-4.78
02-02-2026 22:58,-5.35
02-02-2026 22:58,-6.37
02-02-2026 22:58,-6.49
02-02-2026 22:58,-5.65
02-02-2026 22:58,-5.06
02-02-2026 22:58,-5.07
02-02-2026 22:58,-4.96
02-02-2026 22:58,-5.17
02-02-2026 22:58,-6.29
02-02-2026 22:58,-6.38
02-02-2026 22:58,-7.32
02-02-2026 22:58,-6.89
02-02-2026 22:58,-6.97
02-02-2026 22:58,-6.09
02-02-2026 22:58,-6.36
02-02-2026 22:58,-5.44
02-02-2026 22:58,-4.71
02-02-2026 22:58,-4.61
02-02-2026 22:58,-4.19
02-02-2026 22:58,-3.83
02-02-2026 22:58,-4.11
02-02-2026 22:58,-4.04
02-02-2026 22:58,-4.05
02-02-2026 22:58,-4.15
02-02-2026 22:58,-4.26
02-02-2026 22:58,-4.33
02-02-2026 22:58,-4.61
02-02-2026 22:58,-5.84
02-02-2026 22:58,-5.02
02-02-2026 22:58,-4.12
02-02-2026 22:58,-4.12
02-02-2026 22:58,-4.01
02-02-2026 22:58,-3.92
02-02-2026 22:58,-4.51
02-02-2026 22:58,-4.83
02-02-2026 22:58,-4.78
02-02-2026 22:58,-4.58
02-02-2026 22:58,-3.54
02-02-2026 22:58,-3.36
02-02-2026 22:58,-2.43
02-02-2026 22:58,-2.64
02-02-2026 22:58,-3.15
02-02-2026 22:58,-3.15
02-02-2026 22:58,-2.6
02-02-2026 22:58,-2.44
02-02-2026 22:58,-2.66
02-02-2026 22:58,-1.43
02-02-2026 22:58,-1.87
02-02-2026 22:58,-2.76
02-02-2026 22:58,-3.07
02-02-2026 22:58,-4.17
02-02-2026 22:58,-4.25
02-02-2026 22:58,-4.09
02-02-2026 22:58,-4.73
02-02-2026 22:58,-3.95
02-02-2026 22:58,-3.42
02-02-2026 22:58,-3.64
02-02-2026 22:58,-2.94
02-02-2026 22:58,-2.1
02-02-2026 22:58,-2.41
02-02-2026 22:58,-3.45
02-02-2026 22:58,-3.25
02-02-2026 22:58,-1.32
02-02-2026 22:58,-1.13
02-02-2026 22:58,-1.09
02-02-2026 22:58,-0.3
02-02-2026 22:58,-1.25
02-02-2026 22:58,-2.05
02-02-2026 22:58,-2.87
02-02-2026 22:58,-3.14
02-02-2026 22:58,-2.94
02-02-2026 22:58,-2.77
02-02-2026 22:58,-3.49
02-02-2026 22:58,-5.01
02-02-2026 22:58,-5.42
02-02-2026 22:58,-5.58
02-02-2026 22:58,-4.56
02-02-2026 22:58,-2.44
02-02-2026 22:58,0.65
02-02-2026 22:58,0.6
02-02-2026 22:58,-0.35
02-02-2026 22:58,-0.35
02-02-2026 22:58,1.19
02-02-2026 22:58,3.46
02-02-2026 22:58,6.55
02-02-2026 22:58,10.85
02-02-2026 22:58,16.46
02-02-2026 22:58,17.36
02-02-2026 22:58,17.34
02-02-2026 22:58,13.01
02-02-2026 22:58,7.66
02-02-2026 22:58,1.87
02-02-2026 22:58,-4.39
02-02-2026 22:58,-7.27
02-02-2026 22:58,-8.46
02-02-2026 22:58,-9.01
02-02-2026 22:58,-9.65
02-02-2026 22:58,-9.6
02-02-2026 22:58,-9.32
02-02-2026 22:58,-8.5
02-02-2026 22:58,-7.35
02-02-2026 22:58,-6.66
02-02-2026 22:58,-5.93
02-02-2026 22:58,-5.07
02-02-2026 22:58,-4.66
02-02-2026 22:58,-4.61
02-02-2026 22:58,-3.96
02-02-2026 22:58,-2.94
02-02-2026 22:58,-2.5
02-02-2026 22:58,-2.04
02-02-2026 22:58,-1.65
02-02-2026 22:58,-1.37
02-02-2026 22:58,-1.21
02-02-2026 22:58,-1.15
02-02-2026 22:58,-1.56
02-02-2026 22:58,-2.45
02-02-2026 22:58,-2.82
02-02-2026 22:58,-2.44
02-02-2026 22:58,-1.33
02-02-2026 22:58,-1.21
02-02-2026 22:58,-0.07
02-02-2026 22:58,0.58
02-02-2026 22:58,1.05
02-02-2026 22:58,1.54
02-02-2026 22:58,1.75
02-02-2026 22:58,1.1
02-02-2026 22:58,1.57
02-02-2026 22:58,1.98
02-02-2026 22:58,1.95
02-02-2026 22:58,1.61
02-02-2026 22:58,1.58
02-02-2026 22:58,1.86
02-02-2026 22:58,1.88
02-02-2026 22:58,1.5
02-02-2026 22:58,0.41
02-02-2026 22:58,-0.57
02-02-2026 22:58,-1.12
02-02-2026 22:58,-1.59
02-02-2026 22:58,-2.25
02-02-2026 22:58,-2.45
02-02-2026 22:58,-1.46
02-02-2026 22:58,0.13
02-02-2026 22:58,0.42
02-02-2026 22:58,2.4
02-02-2026 22:58,1.74
02-02-2026 22:58,1.25
02-02-2026 22:58,1.43
02-02-2026 22:58,0.29
02-02-2026 22:58,-0.82
02-02-2026 22:58,-0.66
02-02-2026 22:58,0.08
02-02-2026 22:58,0.04
02-02-2026 22:58,-0.01
02-02-2026 22:58,-0.01
02-02-2026 22:58,0.28
02-02-2026 22:58,0.1
02-02-2026 22:58,0.24
02-02-2026 22:58,0.54
02-02-2026 22:58,0.47
02-02-2026 22:58,0.01
02-02-2026 22:58,0.04
02-02-2026 22:58,0.06
02-02-2026 22:58,-0.39
02-02-2026 22:58,-0.81
02-02-2026 22:58,-0.85
02-02-2026 22:58,-0.94
02-02-2026 22:58,-1.29
02-02-2026 22:58,-0.04
02-02-2026 22:58,1.11
02-02-2026 22:58,1.9
02-02-2026 22:58,1.71
02-02-2026 22:58,1.4
02-02-2026 22:58,0.94
02-02-2026 22:58,-0.19
02-02-2026 22:58,1.16
02-02-2026 22:58,1.06
02-02-2026 22:58,0.15
02-02-2026 22:58,-0.22
02-02-2026 22:58,-0.74
02-02-2026 22:58,0.35
02-02-2026 22:58,1
02-02-2026 22:58,0.78
02-02-2026 22:58,0.49
02-02-2026 22:58,-0.98
02-02-2026 22:58,-1.36
02-02-2026 22:58,-1.03
02-02-2026 22:58,-0.77
02-02-2026 22:58,-0.02
02-02-2026 22:58,0.23
02-02-2026 22:58,-0.39
02-02-2026 22:58,-1
02-02-2026 22:58,-1.12
02-02-2026 22:58,-0.72
02-02-2026 22:58,-0.63
02-02-2026 22:58,-0.93
02-02-2026 22:58,-1.67
02-02-2026 22:58,-2.16
02-02-2026 22:58,-2.14
02-02-2026 22:58,-0.44
02-02-2026 22:58,0.51
02-02-2026 22:58,-0.66
02-02-2026 22:58,-0.9
02-02-2026 22:58,-0.35
02-02-2026 22:58,1.09
02-02-2026 22:58,2.23
02-02-2026 22:58,1.64
02-02-2026 22:58,1.13
02-02-2026 22:58,1.35
02-02-2026 22:58,0.83
02-02-2026 22:58,0.91
02-02-2026 22:58,1.06
02-02-2026 22:58,1.84
02-02-2026 22:58,2.17
02-02-2026 22:58,2.02
02-02-2026 22:58,1.69
02-02-2026 22:58,1.05
02-02-2026 22:58,-0.11
02-02-2026 22:58,0.29
02-02-2026 22:58,1.39
02-02-2026 22:58,0.5
02-02-2026 22:58,0.93
02-02-2026 22:58,0.8
02-02-2026 22:58,0.84
02-02-2026 22:58,1.49
02-02-2026 22:58,2.04
02-02-2026 22:58,2.2
02-02-2026 22:58,2.5
02-02-2026 22:58,2.07
02-02-2026 22:58,1.82
02-02-2026 22:58,2.72
02-02-2026 22:58,2.78
02-02-2026 22:58,0.32
02-02-2026 22:58,-0.72
02-02-2026 22:58,-1.13
02-02-2026 22:58,-1.43
02-02-2026 22:58,-1.48
02-02-2026 22:58,-2.83
02-02-2026 22:58,-2.78
02-02-2026 22:58,-2.04
02-02-2026 22:58,-1.24
02-02-2026 22:58,-0.53
02-02-2026 22:58,0.19
02-02-2026 22:58,0.77
02-02-2026 22:58,0.98
02-02-2026 22:58,1.32
02-02-2026 22:58,1.27
02-02-2026 22:58,1.19
02-02-2026 22:58,1.17
02-02-2026 22:58,0.99
02-02-2026 22:58,0.72
02-02-2026 22:58,0.94
02-02-2026 22:58,1.13
02-02-2026 22:58,1.19
02-02-2026 22:58,1.22
02-02-2026 22:58,1.3
02-02-2026 22:59,1.18
02-02-2026 22:59,0.96
02-02-2026 22:59,0.85
02-02-2026 22:59,0.84
02-02-2026 22:59,1.15
02-02-2026 22:59,0.91
02-02-2026 22:59,0.57
02-02-2026 22:59,1.05
02-02-2026 22:59,1.22
02-02-2026 22:59,1.11
02-02-2026 22:59,-2.56
02-02-2026 22:59,-4.79
02-02-2026 22:59,-0.27
02-02-2026 22:59,6.14
02-02-2026 22:59,14.36
02-02-2026 22:59,14.8
02-02-2026 22:59,10.07
02-02-2026 22:59,3.63
02-02-2026 22:59,-0.94
02-02-2026 22:59,-4.27
02-02-2026 22:59,-6.64
02-02-2026 22:59,-6.83
02-02-2026 22:59,-6.71
02-02-2026 22:59,-6.48
02-02-2026 22:59,-5.47
02-02-2026 22:59,-3.71
02-02-2026 22:59,-2.96
02-02-2026 22:59,-2.7
02-02-2026 22:59,-3
02-02-2026 22:59,-2.74
02-02-2026 22:59,-2.44
02-02-2026 22:59,-1.9
02-02-2026 22:59,-2.25
02-02-2026 22:59,-3.36
02-02-2026 22:59,-3.72
02-02-2026 22:59,-3.61
02-02-2026 22:59,-3.29
02-02-2026 22:59,-3.42
02-02-2026 22:59,-3.79
02-02-2026 22:59,-2.43
02-02-2026 22:59,-2.21
02-02-2026 22:59,-1.42
02-02-2026 22:59,0.08
02-02-2026 22:59,0.2
02-02-2026 22:59,-0.22
02-02-2026 22:59,-1.15
02-02-2026 22:59,-3.04
02-02-2026 22:59,-4.43
02-02-2026 22:59,-5.05
02-02-2026 22:59,-4.71
02-02-2026 22:59,-2.46
02-02-2026 22:59,-2.28
02-02-2026 22:59,-1.57
02-02-2026 22:59,-1.58
02-02-2026 22:59,-2.05
02-02-2026 22:59,-2.41
02-02-2026 22:59,-2.43
02-02-2026 22:59,-2.46
02-02-2026 22:59,-2.75
02-02-2026 22:59,-2.88
02-02-2026 22:59,-1.59
02-02-2026 22:59,-0.55
02-02-2026 22:59,0.23
02-02-2026 22:59,1.16
02-02-2026 22:59,1.5
02-02-2026 22:59,1.24
02-02-2026 22:59,1.94
02-02-2026 22:59,1.56
02-02-2026 22:59,0.47
02-02-2026 22:59,0.87
02-02-2026 22:59,1.5
02-02-2026 22:59,1.33
02-02-2026 22:59,1.18
02-02-2026 22:59,0.51
02-02-2026 22:59,-0.07
02-02-2026 22:59,-1.04
02-02-2026 22:59,-2.29
02-02-2026 22:59,-1.71
02-02-2026 22:59,-0.5
02-02-2026 22:59,-0.94
02-02-2026 22:59,-2.02
02-02-2026 22:59,-0.73
02-02-2026 22:59,1.06
02-02-2026 22:59,-0.33
02-02-2026 22:59,-3.53
02-02-2026 22:59,-5.24
02-02-2026 22:59,0.47
02-02-2026 22:59,11.63
02-02-2026 22:59,21.96
02-02-2026 22:59,26.77
02-02-2026 22:59,26.54
02-02-2026 22:59,19.34
02-02-2026 22:59,8.38
02-02-2026 22:59,0.13
02-02-2026 22:59,-4.4
02-02-2026 22:59,-7.44
02-02-2026 22:59,-7
02-02-2026 22:59,-6.21
02-02-2026 22:59,-5.52
02-02-2026 22:59,-4.6
02-02-2026 22:59,-3.69
02-02-2026 22:59,-2.68
02-02-2026 22:59,-1.71
02-02-2026 22:59,-1.11
02-02-2026 22:59,-0.58
02-02-2026 22:59,-0.84
02-02-2026 22:59,-1.57
02-02-2026 22:59,-1.96
02-02-2026 22:59,-2.07
02-02-2026 22:59,-0.53
02-02-2026 22:59,-0.45
02-02-2026 22:59,-0.84
02-02-2026 22:59,-2.64
02-02-2026 22:59,-3.59
02-02-2026 22:59,-4.46
02-02-2026 22:59,-5.26
02-02-2026 22:59,-4.27
02-02-2026 22:59,-2.87
02-02-2026 22:59,-2.43
02-02-2026 22:59,-2.27
02-02-2026 22:59,-2.05
02-02-2026 22:59,-1.58
02-02-2026 22:59,-1.45
02-02-2026 22:59,-1.25
02-02-2026 22:59,-1.29
02-02-2026 22:59,-1.1
02-02-2026 22:59,-0.72
02-02-2026 22:59,-0.32
